Elevation,pre.AI,gp,value,variable
4300,0.982,A,0.327064961,Total.coh
4300,0.982,A,0.34689879,Total.coh
4300,0.982,A,0.338848853,Total.coh
4300,0.982,A,0.381056956,Total.coh
4300,0.982,A,0.35877037,Total.coh
4300,0.982,A,0.370614857,Total.coh
4300,0.982,A,0.371548145,Total.coh
4300,0.982,A,0.381028643,Total.coh
4300,0.982,A,0.361349876,Total.coh
4300,0.982,A,0.33441462,Total.coh
4300,0.982,A,0.376744282,Total.coh
4300,0.982,A,0.396752877,Total.coh
4300,0.982,A,0.386080233,Total.coh
4300,0.982,A,0.342350774,Total.coh
4300,0.982,A,0.315264623,Total.coh
4400,0.936,A,0.329898552,Total.coh
4400,0.936,A,0.324002242,Total.coh
4400,0.936,A,0.340601406,Total.coh
4400,0.936,A,0.335667367,Total.coh
4400,0.936,A,0.340738166,Total.coh
4400,0.936,A,0.339555709,Total.coh
4400,0.936,A,0.343610632,Total.coh
4400,0.936,A,0.352051334,Total.coh
4400,0.936,A,0.340910702,Total.coh
4400,0.936,A,0.348551058,Total.coh
4400,0.936,A,0.349950371,Total.coh
4400,0.936,A,0.344240174,Total.coh
4400,0.936,A,0.33884304,Total.coh
4400,0.936,A,0.331037032,Total.coh
4400,0.936,A,0.320139193,Total.coh
4500,0.865,A,0.349463567,Total.coh
4500,0.865,A,0.337600242,Total.coh
4500,0.865,A,0.326833871,Total.coh
4500,0.865,A,0.316702061,Total.coh
4500,0.865,A,0.326605494,Total.coh
4500,0.865,A,0.324290859,Total.coh
4500,0.865,A,0.325600406,Total.coh
4500,0.865,A,0.322690569,Total.coh
4500,0.865,A,0.328557146,Total.coh
4500,0.865,A,0.321965067,Total.coh
4500,0.865,A,0.32505103,Total.coh
4500,0.865,A,0.327737554,Total.coh
4500,0.865,A,0.315269137,Total.coh
4500,0.865,A,0.369782959,Total.coh
4500,0.865,A,0.322107007,Total.coh
4600,0.784,A,0.375271279,Total.coh
4600,0.784,A,0.327628786,Total.coh
4600,0.784,A,0.325883514,Total.coh
4600,0.784,A,0.32475952,Total.coh
4600,0.784,A,0.33248469,Total.coh
4600,0.784,A,0.323793515,Total.coh
4600,0.784,A,0.329001696,Total.coh
4600,0.784,A,0.332725048,Total.coh
4600,0.784,A,0.335445955,Total.coh
4600,0.784,A,0.315057791,Total.coh
4600,0.784,A,0.327779747,Total.coh
4600,0.784,A,0.325624312,Total.coh
4600,0.784,A,0.321914265,Total.coh
4600,0.784,A,0.335911213,Total.coh
4600,0.784,A,0.316990763,Total.coh
4700,0.694,B,0.331447949,Total.coh
4700,0.694,B,0.319323928,Total.coh
4700,0.694,B,0.330685192,Total.coh
4700,0.694,B,0.32701536,Total.coh
4700,0.694,B,0.315685356,Total.coh
4700,0.694,B,0.316048052,Total.coh
4700,0.694,B,0.323348519,Total.coh
4700,0.694,B,0.321036088,Total.coh
4700,0.694,B,0.327510444,Total.coh
4700,0.694,B,0.318336782,Total.coh
4700,0.694,B,0.320936662,Total.coh
4700,0.694,B,0.322553063,Total.coh
4700,0.694,B,0.325310417,Total.coh
4700,0.694,B,0.333803242,Total.coh
4700,0.694,B,0.325761786,Total.coh
4800,0.586,B,0.318683443,Total.coh
4800,0.586,B,0.318315988,Total.coh
4800,0.586,B,0.320410465,Total.coh
4800,0.586,B,0.332301763,Total.coh
4800,0.586,B,0.316946535,Total.coh
4800,0.586,B,0.310289334,Total.coh
4800,0.586,B,0.316927448,Total.coh
4800,0.586,B,0.325746309,Total.coh
4800,0.586,B,0.314489243,Total.coh
4800,0.586,B,0.323647454,Total.coh
4800,0.586,B,0.318622477,Total.coh
4800,0.586,B,0.320578801,Total.coh
4800,0.586,B,0.347192651,Total.coh
4800,0.586,B,0.32779756,Total.coh
4800,0.586,B,0.326469667,Total.coh
4900,0.452,B,0.323229928,Total.coh
4900,0.452,B,0.326862368,Total.coh
4900,0.452,B,0.328649129,Total.coh
4900,0.452,B,0.342147608,Total.coh
4900,0.452,B,0.359023187,Total.coh
4900,0.452,B,0.368829389,Total.coh
4900,0.452,B,0.332333634,Total.coh
4900,0.452,B,0.332371347,Total.coh
4900,0.452,B,0.321061434,Total.coh
4900,0.452,B,0.320920228,Total.coh
4900,0.452,B,0.329819845,Total.coh
4900,0.452,B,0.323829285,Total.coh
4900,0.452,B,0.327207357,Total.coh
4900,0.452,B,0.314457654,Total.coh
4900,0.452,B,0.332017719,Total.coh
5000,0.308,B,0.34205273,Total.coh
5000,0.308,B,0.331194262,Total.coh
5000,0.308,B,0.345196205,Total.coh
5000,0.308,B,0.344112888,Total.coh
5000,0.308,B,0.346676343,Total.coh
5000,0.308,B,0.349535923,Total.coh
5000,0.308,B,0.315658804,Total.coh
5000,0.308,B,0.334678126,Total.coh
5000,0.308,B,0.346233296,Total.coh
5000,0.308,B,0.346418002,Total.coh
5000,0.308,B,0.343255023,Total.coh
5000,0.308,B,0.343660896,Total.coh
5000,0.308,B,0.33153668,Total.coh
5000,0.308,B,0.368280941,Total.coh
5100,0.159,B,0.329357198,Total.coh
5100,0.159,B,0.321353446,Total.coh
5100,0.159,B,0.326426486,Total.coh
5100,0.159,B,0.327516695,Total.coh
5100,0.159,B,0.34080465,Total.coh
5100,0.159,B,0.326607364,Total.coh
5100,0.159,B,0.342377218,Total.coh
5100,0.159,B,0.341506815,Total.coh
5100,0.159,B,0.340298895,Total.coh
5100,0.159,B,0.337865976,Total.coh
5100,0.159,B,0.336058604,Total.coh
5100,0.159,B,0.33274722,Total.coh
5100,0.159,B,0.331782777,Total.coh
5200,0.012,B,0.333345606,Total.coh
5200,0.012,B,0.34207796,Total.coh
5200,0.012,B,0.344537772,Total.coh
5200,0.012,B,0.33860634,Total.coh
5200,0.012,B,0.344617144,Total.coh
5200,0.012,B,0.353408967,Total.coh
5200,0.012,B,0.334804128,Total.coh
5200,0.012,B,0.338747879,Total.coh
5200,0.012,B,0.332670519,Total.coh
5200,0.012,B,0.332761993,Total.coh
5200,0.012,B,0.337914186,Total.coh
5200,0.012,B,0.336251255,Total.coh
5200,0.012,B,0.326998958,Total.coh
4400,0.936,A,0.324814315,Total.coh
4400,0.936,A,0.326954507,Total.coh
4400,0.936,A,0.325140755,Total.coh
4400,0.936,A,0.325453246,Total.coh
4400,0.936,A,0.319355764,Total.coh
4400,0.936,A,0.298854934,Total.coh
4400,0.936,A,0.33101749,Total.coh
4400,0.936,A,0.331706201,Total.coh
4400,0.936,A,0.336861433,Total.coh
4400,0.936,A,0.317557298,Total.coh
4400,0.936,A,0.342078581,Total.coh
4400,0.936,A,0.322353787,Total.coh
4400,0.936,A,0.342760327,Total.coh
4400,0.936,A,0.338437071,Total.coh
4500,0.865,A,0.315513852,Total.coh
4500,0.865,A,0.308819255,Total.coh
4500,0.865,A,0.318362378,Total.coh
4500,0.865,A,0.323002959,Total.coh
4500,0.865,A,0.322975945,Total.coh
4500,0.865,A,0.318777692,Total.coh
4500,0.865,A,0.330063057,Total.coh
4500,0.865,A,0.330422656,Total.coh
4500,0.865,A,0.329578292,Total.coh
4500,0.865,A,0.331471053,Total.coh
4500,0.865,A,0.329925163,Total.coh
4500,0.865,A,0.32653607,Total.coh
4500,0.865,A,0.324416162,Total.coh
4500,0.865,A,0.324303925,Total.coh
4600,0.784,A,0.322576739,Total.coh
4600,0.784,A,0.316438181,Total.coh
4600,0.784,A,0.321451692,Total.coh
4600,0.784,A,0.325146157,Total.coh
4600,0.784,A,0.324920586,Total.coh
4600,0.784,A,0.32361262,Total.coh
4600,0.784,A,0.321874823,Total.coh
4600,0.784,A,0.327037651,Total.coh
4600,0.784,A,0.320016666,Total.coh
4600,0.784,A,0.319727213,Total.coh
4600,0.784,A,0.324047483,Total.coh
4600,0.784,A,0.323288403,Total.coh
4600,0.784,A,0.318776593,Total.coh
4600,0.784,A,0.322556989,Total.coh
4800,0.586,B,0.319309185,Total.coh
4800,0.586,B,0.332500764,Total.coh
4800,0.586,B,0.325931315,Total.coh
4800,0.586,B,0.321214451,Total.coh
4800,0.586,B,0.325920136,Total.coh
4800,0.586,B,0.328009134,Total.coh
4800,0.586,B,0.322376357,Total.coh
4800,0.586,B,0.32263628,Total.coh
4800,0.586,B,0.319314226,Total.coh
4800,0.586,B,0.32696427,Total.coh
4800,0.586,B,0.326144477,Total.coh
4800,0.586,B,0.331177081,Total.coh
4900,0.452,B,0.324674182,Total.coh
4900,0.452,B,0.331737096,Total.coh
4900,0.452,B,0.327474723,Total.coh
4900,0.452,B,0.320657958,Total.coh
4900,0.452,B,0.317634309,Total.coh
4900,0.452,B,0.338688404,Total.coh
4900,0.452,B,0.332377789,Total.coh
4900,0.452,B,0.324361924,Total.coh
4900,0.452,B,0.321488314,Total.coh
4900,0.452,B,0.311303375,Total.coh
4900,0.452,B,0.328634794,Total.coh
4900,0.452,B,0.330489377,Total.coh
5000,0.308,B,0.336435806,Total.coh
5000,0.308,B,0.327558148,Total.coh
5000,0.308,B,0.352565151,Total.coh
5000,0.308,B,0.354317819,Total.coh
5000,0.308,B,0.350552134,Total.coh
5000,0.308,B,0.348377262,Total.coh
5000,0.308,B,0.353795476,Total.coh
5000,0.308,B,0.35161294,Total.coh
5000,0.308,B,0.345093435,Total.coh
5000,0.308,B,0.346240302,Total.coh
5000,0.308,B,0.324311509,Total.coh
5000,0.308,B,0.332524455,Total.coh
4300,0.982,C,0.142779777,Neg.coh
4300,0.982,C,0.154854743,Neg.coh
4300,0.982,C,0.151268073,Neg.coh
4300,0.982,C,0.148012183,Neg.coh
4300,0.982,C,0.152526128,Neg.coh
4300,0.982,C,0.146223568,Neg.coh
4300,0.982,C,0.157223368,Neg.coh
4300,0.982,C,0.156640222,Neg.coh
4300,0.982,C,0.155470763,Neg.coh
4300,0.982,C,0.134567384,Neg.coh
4300,0.982,C,0.157810978,Neg.coh
4300,0.982,C,0.153380431,Neg.coh
4300,0.982,C,0.15061636,Neg.coh
4300,0.982,C,0.152915097,Neg.coh
4300,0.982,C,0.145152841,Neg.coh
4400,0.936,C,0.149339141,Neg.coh
4400,0.936,C,0.146470291,Neg.coh
4400,0.936,C,0.152685225,Neg.coh
4400,0.936,C,0.153701201,Neg.coh
4400,0.936,C,0.153562906,Neg.coh
4400,0.936,C,0.1523651,Neg.coh
4400,0.936,C,0.153684062,Neg.coh
4400,0.936,C,0.154899306,Neg.coh
4400,0.936,C,0.155485735,Neg.coh
4400,0.936,C,0.155380007,Neg.coh
4400,0.936,C,0.15715876,Neg.coh
4400,0.936,C,0.15394231,Neg.coh
4400,0.936,C,0.151122582,Neg.coh
4400,0.936,C,0.151684714,Neg.coh
4400,0.936,C,0.147137292,Neg.coh
4500,0.865,C,0.151733229,Neg.coh
4500,0.865,C,0.153872977,Neg.coh
4500,0.865,C,0.147330132,Neg.coh
4500,0.865,C,0.145135568,Neg.coh
4500,0.865,C,0.148902036,Neg.coh
4500,0.865,C,0.148116144,Neg.coh
4500,0.865,C,0.152179136,Neg.coh
4500,0.865,C,0.147968931,Neg.coh
4500,0.865,C,0.149188926,Neg.coh
4500,0.865,C,0.145337428,Neg.coh
4500,0.865,C,0.149090702,Neg.coh
4500,0.865,C,0.145688604,Neg.coh
4500,0.865,C,0.143082691,Neg.coh
4500,0.865,C,0.154808701,Neg.coh
4500,0.865,C,0.148597323,Neg.coh
4600,0.784,C,0.158074861,Neg.coh
4600,0.784,C,0.154179968,Neg.coh
4600,0.784,C,0.148592926,Neg.coh
4600,0.784,C,0.148311362,Neg.coh
4600,0.784,C,0.150218233,Neg.coh
4600,0.784,C,0.14563561,Neg.coh
4600,0.784,C,0.149184622,Neg.coh
4600,0.784,C,0.151197539,Neg.coh
4600,0.784,C,0.150172397,Neg.coh
4600,0.784,C,0.141879919,Neg.coh
4600,0.784,C,0.140544975,Neg.coh
4600,0.784,C,0.149876391,Neg.coh
4600,0.784,C,0.145579317,Neg.coh
4600,0.784,C,0.154598839,Neg.coh
4600,0.784,C,0.142194623,Neg.coh
4700,0.694,D,0.146456634,Neg.coh
4700,0.694,D,0.146797407,Neg.coh
4700,0.694,D,0.152679303,Neg.coh
4700,0.694,D,0.1525427,Neg.coh
4700,0.694,D,0.145807887,Neg.coh
4700,0.694,D,0.145966787,Neg.coh
4700,0.694,D,0.145263733,Neg.coh
4700,0.694,D,0.14466737,Neg.coh
4700,0.694,D,0.151738076,Neg.coh
4700,0.694,D,0.144812163,Neg.coh
4700,0.694,D,0.149493836,Neg.coh
4700,0.694,D,0.148046654,Neg.coh
4700,0.694,D,0.145907262,Neg.coh
4700,0.694,D,0.154766453,Neg.coh
4700,0.694,D,0.14910596,Neg.coh
4800,0.586,D,0.150139791,Neg.coh
4800,0.586,D,0.149259274,Neg.coh
4800,0.586,D,0.147723509,Neg.coh
4800,0.586,D,0.152353177,Neg.coh
4800,0.586,D,0.145431543,Neg.coh
4800,0.586,D,0.142431018,Neg.coh
4800,0.586,D,0.146815805,Neg.coh
4800,0.586,D,0.151296886,Neg.coh
4800,0.586,D,0.144795088,Neg.coh
4800,0.586,D,0.150016812,Neg.coh
4800,0.586,D,0.149250635,Neg.coh
4800,0.586,D,0.148574706,Neg.coh
4800,0.586,D,0.150649087,Neg.coh
4800,0.586,D,0.148925651,Neg.coh
4800,0.586,D,0.152288445,Neg.coh
4900,0.452,D,0.1469894,Neg.coh
4900,0.452,D,0.148111854,Neg.coh
4900,0.452,D,0.149521452,Neg.coh
4900,0.452,D,0.146851147,Neg.coh
4900,0.452,D,0.149391698,Neg.coh
4900,0.452,D,0.156126412,Neg.coh
4900,0.452,D,0.15098914,Neg.coh
4900,0.452,D,0.148723635,Neg.coh
4900,0.452,D,0.145888904,Neg.coh
4900,0.452,D,0.146142305,Neg.coh
4900,0.452,D,0.15314158,Neg.coh
4900,0.452,D,0.148357757,Neg.coh
4900,0.452,D,0.151846988,Neg.coh
4900,0.452,D,0.144211748,Neg.coh
4900,0.452,D,0.145602221,Neg.coh
5000,0.308,D,0.14517459,Neg.coh
5000,0.308,D,0.154793819,Neg.coh
5000,0.308,D,0.154005172,Neg.coh
5000,0.308,D,0.154410568,Neg.coh
5000,0.308,D,0.155465908,Neg.coh
5000,0.308,D,0.151736136,Neg.coh
5000,0.308,D,0.146640559,Neg.coh
5000,0.308,D,0.145632439,Neg.coh
5000,0.308,D,0.1500896,Neg.coh
5000,0.308,D,0.152474512,Neg.coh
5000,0.308,D,0.147411184,Neg.coh
5000,0.308,D,0.15096119,Neg.coh
5000,0.308,D,0.15499639,Neg.coh
5000,0.308,D,0.148831071,Neg.coh
5100,0.159,D,0.147566864,Neg.coh
5100,0.159,D,0.148200355,Neg.coh
5100,0.159,D,0.146647801,Neg.coh
5100,0.159,D,0.150271498,Neg.coh
5100,0.159,D,0.149362379,Neg.coh
5100,0.159,D,0.14616754,Neg.coh
5100,0.159,D,0.150080523,Neg.coh
5100,0.159,D,0.152665042,Neg.coh
5100,0.159,D,0.152380493,Neg.coh
5100,0.159,D,0.149798022,Neg.coh
5100,0.159,D,0.150206716,Neg.coh
5100,0.159,D,0.145913854,Neg.coh
5100,0.159,D,0.146500369,Neg.coh
5200,0.012,D,0.152478251,Neg.coh
5200,0.012,D,0.146476325,Neg.coh
5200,0.012,D,0.152002739,Neg.coh
5200,0.012,D,0.15077968,Neg.coh
5200,0.012,D,0.152574475,Neg.coh
5200,0.012,D,0.156043621,Neg.coh
5200,0.012,D,0.147673728,Neg.coh
5200,0.012,D,0.150491863,Neg.coh
5200,0.012,D,0.150550949,Neg.coh
5200,0.012,D,0.148401397,Neg.coh
5200,0.012,D,0.146959547,Neg.coh
5200,0.012,D,0.150257839,Neg.coh
5200,0.012,D,0.149837675,Neg.coh
4400,0.936,C,0.147941655,Neg.coh
4400,0.936,C,0.149427441,Neg.coh
4400,0.936,C,0.146601493,Neg.coh
4400,0.936,C,0.14997449,Neg.coh
4400,0.936,C,0.146578894,Neg.coh
4400,0.936,C,0.135704607,Neg.coh
4400,0.936,C,0.153227388,Neg.coh
4400,0.936,C,0.153959648,Neg.coh
4400,0.936,C,0.153478024,Neg.coh
4400,0.936,C,0.140243566,Neg.coh
4400,0.936,C,0.151444107,Neg.coh
4400,0.936,C,0.146814299,Neg.coh
4400,0.936,C,0.151238356,Neg.coh
4400,0.936,C,0.151294328,Neg.coh
4500,0.865,C,0.146243486,Neg.coh
4500,0.865,C,0.14137004,Neg.coh
4500,0.865,C,0.147715444,Neg.coh
4500,0.865,C,0.148144344,Neg.coh
4500,0.865,C,0.148490904,Neg.coh
4500,0.865,C,0.145626135,Neg.coh
4500,0.865,C,0.149904061,Neg.coh
4500,0.865,C,0.146764491,Neg.coh
4500,0.865,C,0.151209323,Neg.coh
4500,0.865,C,0.147887422,Neg.coh
4500,0.865,C,0.150938762,Neg.coh
4500,0.865,C,0.151343266,Neg.coh
4500,0.865,C,0.150249383,Neg.coh
4500,0.865,C,0.150020332,Neg.coh
4600,0.784,C,0.14927468,Neg.coh
4600,0.784,C,0.147856358,Neg.coh
4600,0.784,C,0.14890985,Neg.coh
4600,0.784,C,0.149385558,Neg.coh
4600,0.784,C,0.14999472,Neg.coh
4600,0.784,C,0.147535438,Neg.coh
4600,0.784,C,0.148507943,Neg.coh
4600,0.784,C,0.14595735,Neg.coh
4600,0.784,C,0.146953398,Neg.coh
4600,0.784,C,0.144523439,Neg.coh
4600,0.784,C,0.14959225,Neg.coh
4600,0.784,C,0.147790161,Neg.coh
4600,0.784,C,0.141026092,Neg.coh
4600,0.784,C,0.14827481,Neg.coh
4800,0.586,D,0.152187912,Neg.coh
4800,0.586,D,0.151733094,Neg.coh
4800,0.586,D,0.144972589,Neg.coh
4800,0.586,D,0.147961329,Neg.coh
4800,0.586,D,0.147994616,Neg.coh
4800,0.586,D,0.148933534,Neg.coh
4800,0.586,D,0.139566395,Neg.coh
4800,0.586,D,0.145345764,Neg.coh
4800,0.586,D,0.145818,Neg.coh
4800,0.586,D,0.146698251,Neg.coh
4800,0.586,D,0.147091355,Neg.coh
4800,0.586,D,0.147545019,Neg.coh
4900,0.452,D,0.147384924,Neg.coh
4900,0.452,D,0.149026562,Neg.coh
4900,0.452,D,0.147260366,Neg.coh
4900,0.452,D,0.142671221,Neg.coh
4900,0.452,D,0.141968317,Neg.coh
4900,0.452,D,0.148953385,Neg.coh
4900,0.452,D,0.151061808,Neg.coh
4900,0.452,D,0.14701892,Neg.coh
4900,0.452,D,0.145077983,Neg.coh
4900,0.452,D,0.140604083,Neg.coh
4900,0.452,D,0.148648767,Neg.coh
4900,0.452,D,0.147934495,Neg.coh
5000,0.308,D,0.148749066,Neg.coh
5000,0.308,D,0.149058318,Neg.coh
5000,0.308,D,0.153010654,Neg.coh
5000,0.308,D,0.153000484,Neg.coh
5000,0.308,D,0.152756594,Neg.coh
5000,0.308,D,0.148829711,Neg.coh
5000,0.308,D,0.1537717,Neg.coh
5000,0.308,D,0.155044555,Neg.coh
5000,0.308,D,0.150377044,Neg.coh
5000,0.308,D,0.151059125,Neg.coh
5000,0.308,D,0.143528071,Neg.coh
5000,0.308,D,0.147063903,Neg.coh
4300,0.982,E,0.184285184,Pos.coh
4300,0.982,E,0.192044047,Pos.coh
4300,0.982,E,0.187580781,Pos.coh
4300,0.982,E,0.233044773,Pos.coh
4300,0.982,E,0.206244242,Pos.coh
4300,0.982,E,0.224391289,Pos.coh
4300,0.982,E,0.214324777,Pos.coh
4300,0.982,E,0.224388422,Pos.coh
4300,0.982,E,0.205879114,Pos.coh
4300,0.982,E,0.199847236,Pos.coh
4300,0.982,E,0.218933304,Pos.coh
4300,0.982,E,0.243372446,Pos.coh
4300,0.982,E,0.235463873,Pos.coh
4300,0.982,E,0.189435677,Pos.coh
4300,0.982,E,0.170111782,Pos.coh
4400,0.936,E,0.18055941,Pos.coh
4400,0.936,E,0.177531951,Pos.coh
4400,0.936,E,0.18791618,Pos.coh
4400,0.936,E,0.181966167,Pos.coh
4400,0.936,E,0.18717526,Pos.coh
4400,0.936,E,0.187190609,Pos.coh
4400,0.936,E,0.18992657,Pos.coh
4400,0.936,E,0.197152028,Pos.coh
4400,0.936,E,0.185424967,Pos.coh
4400,0.936,E,0.19317105,Pos.coh
4400,0.936,E,0.192791611,Pos.coh
4400,0.936,E,0.190297864,Pos.coh
4400,0.936,E,0.187720458,Pos.coh
4400,0.936,E,0.179352317,Pos.coh
4400,0.936,E,0.1730019,Pos.coh
4500,0.865,E,0.197730338,Pos.coh
4500,0.865,E,0.183727265,Pos.coh
4500,0.865,E,0.179503739,Pos.coh
4500,0.865,E,0.171566493,Pos.coh
4500,0.865,E,0.177703458,Pos.coh
4500,0.865,E,0.176174715,Pos.coh
4500,0.865,E,0.17342127,Pos.coh
4500,0.865,E,0.174721638,Pos.coh
4500,0.865,E,0.17936822,Pos.coh
4500,0.865,E,0.176627639,Pos.coh
4500,0.865,E,0.175960328,Pos.coh
4500,0.865,E,0.18204895,Pos.coh
4500,0.865,E,0.172186446,Pos.coh
4500,0.865,E,0.214974258,Pos.coh
4500,0.865,E,0.173509684,Pos.coh
4600,0.784,E,0.217196418,Pos.coh
4600,0.784,E,0.173448818,Pos.coh
4600,0.784,E,0.177290588,Pos.coh
4600,0.784,E,0.176448158,Pos.coh
4600,0.784,E,0.182266457,Pos.coh
4600,0.784,E,0.178157905,Pos.coh
4600,0.784,E,0.179817074,Pos.coh
4600,0.784,E,0.181527509,Pos.coh
4600,0.784,E,0.185273558,Pos.coh
4600,0.784,E,0.173177872,Pos.coh
4600,0.784,E,0.187234772,Pos.coh
4600,0.784,E,0.175747921,Pos.coh
4600,0.784,E,0.176334948,Pos.coh
4600,0.784,E,0.181312374,Pos.coh
4600,0.784,E,0.174796139,Pos.coh
4700,0.694,F,0.184991315,Pos.coh
4700,0.694,F,0.172526521,Pos.coh
4700,0.694,F,0.178005889,Pos.coh
4700,0.694,F,0.174472661,Pos.coh
4700,0.694,F,0.169877468,Pos.coh
4700,0.694,F,0.170081264,Pos.coh
4700,0.694,F,0.178084786,Pos.coh
4700,0.694,F,0.176368719,Pos.coh
4700,0.694,F,0.175772368,Pos.coh
4700,0.694,F,0.173524619,Pos.coh
4700,0.694,F,0.171442826,Pos.coh
4700,0.694,F,0.174506409,Pos.coh
4700,0.694,F,0.179403154,Pos.coh
4700,0.694,F,0.179036789,Pos.coh
4700,0.694,F,0.176655826,Pos.coh
4800,0.586,F,0.168543651,Pos.coh
4800,0.586,F,0.169056714,Pos.coh
4800,0.586,F,0.172686956,Pos.coh
4800,0.586,F,0.179948586,Pos.coh
4800,0.586,F,0.171514993,Pos.coh
4800,0.586,F,0.167858316,Pos.coh
4800,0.586,F,0.170111643,Pos.coh
4800,0.586,F,0.174449422,Pos.coh
4800,0.586,F,0.169694156,Pos.coh
4800,0.586,F,0.173630642,Pos.coh
4800,0.586,F,0.169371842,Pos.coh
4800,0.586,F,0.172004095,Pos.coh
4800,0.586,F,0.196543564,Pos.coh
4800,0.586,F,0.178871909,Pos.coh
4800,0.586,F,0.174181222,Pos.coh
4900,0.452,F,0.176240528,Pos.coh
4900,0.452,F,0.178750515,Pos.coh
4900,0.452,F,0.179127676,Pos.coh
4900,0.452,F,0.195296461,Pos.coh
4900,0.452,F,0.209631488,Pos.coh
4900,0.452,F,0.212702977,Pos.coh
4900,0.452,F,0.181344494,Pos.coh
4900,0.452,F,0.183647712,Pos.coh
4900,0.452,F,0.175172531,Pos.coh
4900,0.452,F,0.174777923,Pos.coh
4900,0.452,F,0.176678264,Pos.coh
4900,0.452,F,0.175471528,Pos.coh
4900,0.452,F,0.175360369,Pos.coh
4900,0.452,F,0.170245906,Pos.coh
4900,0.452,F,0.186415498,Pos.coh
5000,0.308,F,0.196878139,Pos.coh
5000,0.308,F,0.176400443,Pos.coh
5000,0.308,F,0.191191033,Pos.coh
5000,0.308,F,0.18970232,Pos.coh
5000,0.308,F,0.191210436,Pos.coh
5000,0.308,F,0.197799787,Pos.coh
5000,0.308,F,0.169018245,Pos.coh
5000,0.308,F,0.189045687,Pos.coh
5000,0.308,F,0.196143696,Pos.coh
5000,0.308,F,0.19394349,Pos.coh
5000,0.308,F,0.195843839,Pos.coh
5000,0.308,F,0.192699705,Pos.coh
5000,0.308,F,0.17654029,Pos.coh
5000,0.308,F,0.21944987,Pos.coh
5100,0.159,F,0.181790334,Pos.coh
5100,0.159,F,0.173153091,Pos.coh
5100,0.159,F,0.179778685,Pos.coh
5100,0.159,F,0.177245197,Pos.coh
5100,0.159,F,0.191442272,Pos.coh
5100,0.159,F,0.180439824,Pos.coh
5100,0.159,F,0.192296695,Pos.coh
5100,0.159,F,0.188841773,Pos.coh
5100,0.159,F,0.187918402,Pos.coh
5100,0.159,F,0.188067953,Pos.coh
5100,0.159,F,0.185851887,Pos.coh
5100,0.159,F,0.186833366,Pos.coh
5100,0.159,F,0.185282407,Pos.coh
5200,0.012,F,0.180867355,Pos.coh
5200,0.012,F,0.195601635,Pos.coh
5200,0.012,F,0.192535034,Pos.coh
5200,0.012,F,0.18782666,Pos.coh
5200,0.012,F,0.192042669,Pos.coh
5200,0.012,F,0.197365346,Pos.coh
5200,0.012,F,0.187130401,Pos.coh
5200,0.012,F,0.188256016,Pos.coh
5200,0.012,F,0.18211957,Pos.coh
5200,0.012,F,0.184360595,Pos.coh
5200,0.012,F,0.190954639,Pos.coh
5200,0.012,F,0.185993415,Pos.coh
5200,0.012,F,0.177161283,Pos.coh
4400,0.936,E,0.17687266,Pos.coh
4400,0.936,E,0.177527066,Pos.coh
4400,0.936,E,0.178539261,Pos.coh
4400,0.936,E,0.175478756,Pos.coh
4400,0.936,E,0.17277687,Pos.coh
4400,0.936,E,0.163150327,Pos.coh
4400,0.936,E,0.177790102,Pos.coh
4400,0.936,E,0.177746553,Pos.coh
4400,0.936,E,0.183383408,Pos.coh
4400,0.936,E,0.177313732,Pos.coh
4400,0.936,E,0.190634474,Pos.coh
4400,0.936,E,0.175539488,Pos.coh
4400,0.936,E,0.191521971,Pos.coh
4400,0.936,E,0.187142744,Pos.coh
4500,0.865,E,0.169270366,Pos.coh
4500,0.865,E,0.167449216,Pos.coh
4500,0.865,E,0.170646934,Pos.coh
4500,0.865,E,0.174858615,Pos.coh
4500,0.865,E,0.17448504,Pos.coh
4500,0.865,E,0.173151557,Pos.coh
4500,0.865,E,0.180158996,Pos.coh
4500,0.865,E,0.183658165,Pos.coh
4500,0.865,E,0.178368969,Pos.coh
4500,0.865,E,0.183583631,Pos.coh
4500,0.865,E,0.178986401,Pos.coh
4500,0.865,E,0.175192803,Pos.coh
4500,0.865,E,0.174166779,Pos.coh
4500,0.865,E,0.174283593,Pos.coh
4600,0.784,E,0.173302059,Pos.coh
4600,0.784,E,0.168581823,Pos.coh
4600,0.784,E,0.172541842,Pos.coh
4600,0.784,E,0.175760599,Pos.coh
4600,0.784,E,0.174925867,Pos.coh
4600,0.784,E,0.176077182,Pos.coh
4600,0.784,E,0.173366881,Pos.coh
4600,0.784,E,0.181080301,Pos.coh
4600,0.784,E,0.173063267,Pos.coh
4600,0.784,E,0.175203775,Pos.coh
4600,0.784,E,0.174455233,Pos.coh
4600,0.784,E,0.175498242,Pos.coh
4600,0.784,E,0.177750501,Pos.coh
4600,0.784,E,0.174282179,Pos.coh
4800,0.586,F,0.167121273,Pos.coh
4800,0.586,F,0.18076767,Pos.coh
4800,0.586,F,0.180958726,Pos.coh
4800,0.586,F,0.173253122,Pos.coh
4800,0.586,F,0.17792552,Pos.coh
4800,0.586,F,0.1790756,Pos.coh
4800,0.586,F,0.182809962,Pos.coh
4800,0.586,F,0.177290515,Pos.coh
4800,0.586,F,0.173496226,Pos.coh
4800,0.586,F,0.18026602,Pos.coh
4800,0.586,F,0.179053122,Pos.coh
4800,0.586,F,0.183632063,Pos.coh
4900,0.452,F,0.177289257,Pos.coh
4900,0.452,F,0.182710534,Pos.coh
4900,0.452,F,0.180214357,Pos.coh
4900,0.452,F,0.177986737,Pos.coh
4900,0.452,F,0.175665992,Pos.coh
4900,0.452,F,0.189735019,Pos.coh
4900,0.452,F,0.181315981,Pos.coh
4900,0.452,F,0.177343004,Pos.coh
4900,0.452,F,0.176410331,Pos.coh
4900,0.452,F,0.170699292,Pos.coh
4900,0.452,F,0.179986026,Pos.coh
4900,0.452,F,0.182554882,Pos.coh
5000,0.308,F,0.18768674,Pos.coh
5000,0.308,F,0.17849983,Pos.coh
5000,0.308,F,0.199554497,Pos.coh
5000,0.308,F,0.201317335,Pos.coh
5000,0.308,F,0.197795541,Pos.coh
5000,0.308,F,0.199547551,Pos.coh
5000,0.308,F,0.200023776,Pos.coh
5000,0.308,F,0.196568385,Pos.coh
5000,0.308,F,0.19471639,Pos.coh
5000,0.308,F,0.195181177,Pos.coh
5000,0.308,F,0.180783438,Pos.coh
5000,0.308,F,0.185460552,Pos.coh
4300,0.982,G,0.774776212,Neg.Pos
4300,0.982,G,0.806350132,Neg.Pos
4300,0.982,G,0.806415625,Neg.Pos
4300,0.982,G,0.635123376,Neg.Pos
4300,0.982,G,0.739541263,Neg.Pos
4300,0.982,G,0.651645475,Neg.Pos
4300,0.982,G,0.733575328,Neg.Pos
4300,0.982,G,0.698076223,Neg.Pos
4300,0.982,G,0.755155587,Neg.Pos
4300,0.982,G,0.67335124,Neg.Pos
4300,0.982,G,0.720817595,Neg.Pos
4300,0.982,G,0.630229239,Neg.Pos
4300,0.982,G,0.639658041,Neg.Pos
4300,0.982,G,0.80721382,Neg.Pos
4300,0.982,G,0.853279173,Neg.Pos
4400,0.936,G,0.827091432,Neg.Pos
4400,0.936,G,0.82503623,Neg.Pos
4400,0.936,G,0.812517715,Neg.Pos
4400,0.936,G,0.844669114,Neg.Pos
4400,0.936,G,0.820423096,Neg.Pos
4400,0.936,G,0.813956965,Neg.Pos
4400,0.936,G,0.809176211,Neg.Pos
4400,0.936,G,0.785684568,Neg.Pos
4400,0.936,G,0.838537212,Neg.Pos
4400,0.936,G,0.804364873,Neg.Pos
4400,0.936,G,0.815174266,Neg.Pos
4400,0.936,G,0.808954482,Neg.Pos
4400,0.936,G,0.805040557,Neg.Pos
4400,0.936,G,0.845736016,Neg.Pos
4400,0.936,G,0.850495236,Neg.Pos
4500,0.865,G,0.767374547,Neg.Pos
4500,0.865,G,0.837507579,Neg.Pos
4500,0.865,G,0.820763586,Neg.Pos
4500,0.865,G,0.845943545,Neg.Pos
4500,0.865,G,0.837924243,Neg.Pos
4500,0.865,G,0.840734407,Neg.Pos
4500,0.865,G,0.877511368,Neg.Pos
4500,0.865,G,0.84688384,Neg.Pos
4500,0.865,G,0.831746704,Neg.Pos
4500,0.865,G,0.82284646,Neg.Pos
4500,0.865,G,0.847297251,Neg.Pos
4500,0.865,G,0.800271595,Neg.Pos
4500,0.865,G,0.830975344,Neg.Pos
4500,0.865,G,0.72012669,Neg.Pos
4500,0.865,G,0.856420919,Neg.Pos
4600,0.784,G,0.727796816,Neg.Pos
4600,0.784,G,0.888907576,Neg.Pos
4600,0.784,G,0.838132064,Neg.Pos
4600,0.784,G,0.840537888,Neg.Pos
4600,0.784,G,0.824168284,Neg.Pos
4600,0.784,G,0.817452414,Neg.Pos
4600,0.784,G,0.829646592,Neg.Pos
4600,0.784,G,0.832918051,Neg.Pos
4600,0.784,G,0.810544145,Neg.Pos
4600,0.784,G,0.819272795,Neg.Pos
4600,0.784,G,0.75063501,Neg.Pos
4600,0.784,G,0.852791832,Neg.Pos
4600,0.784,G,0.825584034,Neg.Pos
4600,0.784,G,0.852665684,Neg.Pos
4600,0.784,G,0.813488352,Neg.Pos
4700,0.694,H,0.791694645,Neg.Pos
4700,0.694,H,0.850868647,Neg.Pos
4700,0.694,H,0.857720511,Neg.Pos
4700,0.694,H,0.874307179,Neg.Pos
4700,0.694,H,0.858312102,Neg.Pos
4700,0.694,H,0.858217912,Neg.Pos
4700,0.694,H,0.815699852,Neg.Pos
4700,0.694,H,0.820255263,Neg.Pos
4700,0.694,H,0.863264677,Neg.Pos
4700,0.694,H,0.834533821,Neg.Pos
4700,0.694,H,0.871974872,Neg.Pos
4700,0.694,H,0.848373735,Neg.Pos
4700,0.694,H,0.813292626,Neg.Pos
4700,0.694,H,0.864439391,Neg.Pos
4700,0.694,H,0.844047789,Neg.Pos
4800,0.586,H,0.890806566,Neg.Pos
4800,0.586,H,0.882894683,Neg.Pos
4800,0.586,H,0.855441035,Neg.Pos
4800,0.586,H,0.84664837,Neg.Pos
4800,0.586,H,0.847923208,Neg.Pos
4800,0.586,H,0.848519283,Neg.Pos
4800,0.586,H,0.863055592,Neg.Pos
4800,0.586,H,0.867282242,Neg.Pos
4800,0.586,H,0.853270917,Neg.Pos
4800,0.586,H,0.863999642,Neg.Pos
4800,0.586,H,0.881200993,Neg.Pos
4800,0.586,H,0.863785867,Neg.Pos
4800,0.586,H,0.766492093,Neg.Pos
4800,0.586,H,0.832582664,Neg.Pos
4800,0.586,H,0.874310352,Neg.Pos
4900,0.452,H,0.834027232,Neg.Pos
4900,0.452,H,0.828595398,Neg.Pos
4900,0.452,H,0.834719991,Neg.Pos
4900,0.452,H,0.751939621,Neg.Pos
4900,0.452,H,0.712639591,Neg.Pos
4900,0.452,H,0.734011407,Neg.Pos
4900,0.452,H,0.832609455,Neg.Pos
4900,0.452,H,0.809831133,Neg.Pos
4900,0.452,H,0.832829798,Neg.Pos
4900,0.452,H,0.836159979,Neg.Pos
4900,0.452,H,0.866782231,Neg.Pos
4900,0.452,H,0.845480511,Neg.Pos
4900,0.452,H,0.865913938,Neg.Pos
4900,0.452,H,0.847079093,Neg.Pos
4900,0.452,H,0.781062853,Neg.Pos
5000,0.308,H,0.737382986,Neg.Pos
5000,0.308,H,0.877513773,Neg.Pos
5000,0.308,H,0.805504157,Neg.Pos
5000,0.308,H,0.813962464,Neg.Pos
5000,0.308,H,0.813061834,Neg.Pos
5000,0.308,H,0.767119817,Neg.Pos
5000,0.308,H,0.867601951,Neg.Pos
5000,0.308,H,0.770355785,Neg.Pos
5000,0.308,H,0.765202267,Neg.Pos
5000,0.308,H,0.786180097,Neg.Pos
5000,0.308,H,0.752697584,Neg.Pos
5000,0.308,H,0.78340125,Neg.Pos
5000,0.308,H,0.8779661,Neg.Pos
5000,0.308,H,0.678200772,Neg.Pos
5100,0.159,H,0.811742083,Neg.Pos
5100,0.159,H,0.855892052,Neg.Pos
5100,0.159,H,0.815712944,Neg.Pos
5100,0.159,H,0.84781704,Neg.Pos
5100,0.159,H,0.780195393,Neg.Pos
5100,0.159,H,0.810062525,Neg.Pos
5100,0.159,H,0.780463351,Neg.Pos
5100,0.159,H,0.808428343,Neg.Pos
5100,0.159,H,0.810886488,Neg.Pos
5100,0.159,H,0.79651009,Neg.Pos
5100,0.159,H,0.808206572,Neg.Pos
5100,0.159,H,0.780983917,Neg.Pos
5100,0.159,H,0.790686885,Neg.Pos
5200,0.012,H,0.843039097,Neg.Pos
5200,0.012,H,0.748850211,Neg.Pos
5200,0.012,H,0.789480936,Neg.Pos
5200,0.012,H,0.802759733,Neg.Pos
5200,0.012,H,0.794482164,Neg.Pos
5200,0.012,H,0.790633335,Neg.Pos
5200,0.012,H,0.789148782,Neg.Pos
5200,0.012,H,0.799400024,Neg.Pos
5200,0.012,H,0.826659915,Neg.Pos
5200,0.012,H,0.804951823,Neg.Pos
5200,0.012,H,0.769604488,Neg.Pos
5200,0.012,H,0.807866446,Neg.Pos
5200,0.012,H,0.845769866,Neg.Pos
4400,0.936,G,0.836430319,Neg.Pos
4400,0.936,G,0.841716387,Neg.Pos
4400,0.936,G,0.821116276,Neg.Pos
4400,0.936,G,0.854658953,Neg.Pos
4400,0.936,G,0.848371051,Neg.Pos
4400,0.936,G,0.831776492,Neg.Pos
4400,0.936,G,0.861844308,Neg.Pos
4400,0.936,G,0.866175154,Neg.Pos
4400,0.936,G,0.836924264,Neg.Pos
4400,0.936,G,0.790934601,Neg.Pos
4400,0.936,G,0.794421411,Neg.Pos
4400,0.936,G,0.836360525,Neg.Pos
4400,0.936,G,0.789665827,Neg.Pos
4400,0.936,G,0.808443462,Neg.Pos
4500,0.865,G,0.863963902,Neg.Pos
4500,0.865,G,0.844256206,Neg.Pos
4500,0.865,G,0.86562026,Neg.Pos
4500,0.865,G,0.847223592,Neg.Pos
4500,0.865,G,0.851023696,Neg.Pos
4500,0.865,G,0.841032779,Neg.Pos
4500,0.865,G,0.83206537,Neg.Pos
4500,0.865,G,0.799117707,Neg.Pos
4500,0.865,G,0.847733344,Neg.Pos
4500,0.865,G,0.80555887,Neg.Pos
4500,0.865,G,0.843297375,Neg.Pos
4500,0.865,G,0.863866916,Neg.Pos
4500,0.865,G,0.862675324,Neg.Pos
4500,0.865,G,0.860782871,Neg.Pos
4600,0.784,G,0.861355489,Neg.Pos
4600,0.784,G,0.877059911,Neg.Pos
4600,0.784,G,0.863036167,Neg.Pos
4600,0.784,G,0.849937688,Neg.Pos
4600,0.784,G,0.857475927,Neg.Pos
4600,0.784,G,0.837902082,Neg.Pos
4600,0.784,G,0.856610801,Neg.Pos
4600,0.784,G,0.806036598,Neg.Pos
4600,0.784,G,0.849131076,Neg.Pos
4600,0.784,G,0.824887701,Neg.Pos
4600,0.784,G,0.857482161,Neg.Pos
4600,0.784,G,0.842117613,Neg.Pos
4600,0.784,G,0.793393502,Neg.Pos
4600,0.784,G,0.850774369,Neg.Pos
4800,0.586,H,0.91064357,Neg.Pos
4800,0.586,H,0.839381806,Neg.Pos
4800,0.586,H,0.801136213,Neg.Pos
4800,0.586,H,0.854018258,Neg.Pos
4800,0.586,H,0.831778464,Neg.Pos
4800,0.586,H,0.83167966,Neg.Pos
4800,0.586,H,0.763450705,Neg.Pos
4800,0.586,H,0.819816921,Neg.Pos
4800,0.586,H,0.84046785,Neg.Pos
4800,0.586,H,0.813787595,Neg.Pos
4800,0.586,H,0.821495616,Neg.Pos
4800,0.586,H,0.803481791,Neg.Pos
4900,0.452,H,0.83132462,Neg.Pos
4900,0.452,H,0.815642966,Neg.Pos
4900,0.452,H,0.817140037,Neg.Pos
4900,0.452,H,0.801583438,Neg.Pos
4900,0.452,H,0.808171887,Neg.Pos
4900,0.452,H,0.785060062,Neg.Pos
4900,0.452,H,0.833141169,Neg.Pos
4900,0.452,H,0.829008852,Neg.Pos
4900,0.452,H,0.822389382,Neg.Pos
4900,0.452,H,0.823694585,Neg.Pos
4900,0.452,H,0.825890599,Neg.Pos
4900,0.452,H,0.810356282,Neg.Pos
5000,0.308,H,0.792539027,Neg.Pos
5000,0.308,H,0.835061398,Neg.Pos
5000,0.308,H,0.766761243,Neg.Pos
5000,0.308,H,0.759996568,Neg.Pos
5000,0.308,H,0.772295438,Neg.Pos
5000,0.308,H,0.745835821,Neg.Pos
5000,0.308,H,0.768767112,Neg.Pos
5000,0.308,H,0.788756313,Neg.Pos
5000,0.308,H,0.772287553,Neg.Pos
5000,0.308,H,0.773943099,Neg.Pos
5000,0.308,H,0.793922674,Neg.Pos
5000,0.308,H,0.792965952,Neg.Pos
