,Elevation,pre.AI,variable,value,gp
1,4400,0.936,Total.coh,0.340631836,A
2,4400,0.936,Total.coh,0.275266812,A
3,4400,0.936,Total.coh,0.214097497,A
4,4400,0.936,Total.coh,0.292941593,A
5,4400,0.936,Total.coh,0.322318904,A
6,4400,0.936,Total.coh,0.310582164,A
7,4400,0.936,Total.coh,0.308428641,A
8,4400,0.936,Total.coh,0.28408902,A
9,4400,0.936,Total.coh,0.350543557,A
10,4400,0.936,Total.coh,0.236033645,A
11,4400,0.936,Total.coh,0.20585118,A
12,4400,0.936,Total.coh,0.152156351,A
13,4400,0.936,Total.coh,0.137539806,A
14,4400,0.936,Total.coh,0.146827244,A
15,4500,0.865,Total.coh,0.432136177,A
16,4500,0.865,Total.coh,0.195104394,A
17,4500,0.865,Total.coh,0.455232222,A
18,4500,0.865,Total.coh,0.475829625,A
19,4500,0.865,Total.coh,0.462463047,A
20,4500,0.865,Total.coh,0.467919356,A
21,4500,0.865,Total.coh,0.445096186,A
22,4500,0.865,Total.coh,0.420474659,A
23,4500,0.865,Total.coh,0.423418324,A
24,4500,0.865,Total.coh,0.286979421,A
25,4500,0.865,Total.coh,0.42020838,A
26,4500,0.865,Total.coh,0.390843106,A
27,4500,0.865,Total.coh,0.424167492,A
28,4500,0.865,Total.coh,0.322324251,A
29,4600,0.784,Total.coh,0.390596236,A
30,4600,0.784,Total.coh,0.444223707,A
31,4600,0.784,Total.coh,0.416699083,A
32,4600,0.784,Total.coh,0.474008636,A
33,4600,0.784,Total.coh,0.467889682,A
34,4600,0.784,Total.coh,0.453432261,A
35,4600,0.784,Total.coh,0.437789571,A
36,4600,0.784,Total.coh,0.474801453,A
37,4600,0.784,Total.coh,0.435776309,A
38,4600,0.784,Total.coh,0.465446815,A
39,4600,0.784,Total.coh,0.387498299,A
40,4600,0.784,Total.coh,0.343480144,A
41,4600,0.784,Total.coh,0.476748423,A
42,4600,0.784,Total.coh,0.420173805,A
43,4800,0.586,Total.coh,0.403073435,B
44,4800,0.586,Total.coh,0.309437969,B
45,4800,0.586,Total.coh,0.432166577,B
46,4800,0.586,Total.coh,0.348491627,B
47,4800,0.586,Total.coh,0.390287366,B
48,4800,0.586,Total.coh,0.401616673,B
49,4800,0.586,Total.coh,0.389309071,B
50,4800,0.586,Total.coh,0.370029344,B
51,4800,0.586,Total.coh,0.461334442,B
52,4800,0.586,Total.coh,0.414298527,B
53,4800,0.586,Total.coh,0.439131845,B
54,4800,0.586,Total.coh,0.390700564,B
55,4900,0.452,Total.coh,0.412755481,B
56,4900,0.452,Total.coh,0.437024313,B
57,4900,0.452,Total.coh,0.421174462,B
58,4900,0.452,Total.coh,0.438018366,B
59,4900,0.452,Total.coh,0.455765206,B
60,4900,0.452,Total.coh,0.419023435,B
61,4900,0.452,Total.coh,0.450303356,B
62,4900,0.452,Total.coh,0.31947535,B
63,4900,0.452,Total.coh,0.437624343,B
64,4900,0.452,Total.coh,0.41859446,B
65,4900,0.452,Total.coh,0.415419645,B
66,4900,0.452,Total.coh,0.419873813,B
67,5000,0.308,Total.coh,0.448126122,B
68,5000,0.308,Total.coh,0.465977207,B
69,5000,0.308,Total.coh,0.473376002,B
70,5000,0.308,Total.coh,0.452092114,B
71,5000,0.308,Total.coh,0.440773659,B
72,5000,0.308,Total.coh,0.41643324,B
73,5000,0.308,Total.coh,0.407204542,B
74,5000,0.308,Total.coh,0.425044343,B
75,5000,0.308,Total.coh,0.360536381,B
76,5000,0.308,Total.coh,0.424381404,B
77,5000,0.308,Total.coh,0.486858881,B
78,5000,0.308,Total.coh,0.398527145,B
79,4300,0.982,Total.coh,0.068941804,A
80,4300,0.982,Total.coh,0.040810862,A
81,4300,0.982,Total.coh,0.002801627,A
82,4300,0.982,Total.coh,0.075661909,A
83,4400,0.936,Total.coh,0.299292786,A
84,4400,0.936,Total.coh,0.282348724,A
85,4400,0.936,Total.coh,0.299172272,A
86,4400,0.936,Total.coh,0.14405909,A
87,4500,0.865,Total.coh,0.333675119,A
88,4500,0.865,Total.coh,0.355014418,A
89,4500,0.865,Total.coh,0.381533938,A
90,4500,0.865,Total.coh,0.043456932,A
91,4500,0.865,Total.coh,0.318191891,A
92,4500,0.865,Total.coh,0.277580186,A
93,4500,0.865,Total.coh,0.168330677,A
94,4500,0.865,Total.coh,0.400881109,A
95,4500,0.865,Total.coh,0.288288836,A
96,4500,0.865,Total.coh,0.46366906,A
97,4500,0.865,Total.coh,0.178937235,A
98,4500,0.865,Total.coh,0.420378942,A
99,4500,0.865,Total.coh,0.232745056,A
100,4500,0.865,Total.coh,0.335710091,A
101,4600,0.784,Total.coh,0.300202192,A
102,4600,0.784,Total.coh,0.353251796,A
103,4600,0.784,Total.coh,0.318359956,A
104,4600,0.784,Total.coh,0.310076907,A
105,4600,0.784,Total.coh,0.338716622,A
106,4600,0.784,Total.coh,0.318399817,A
107,4600,0.784,Total.coh,0.310686865,A
108,4600,0.784,Total.coh,0.308887436,A
109,4600,0.784,Total.coh,0.274631699,A
110,4600,0.784,Total.coh,0.358653002,A
111,4600,0.784,Total.coh,0.261218926,A
112,4600,0.784,Total.coh,0.274499936,A
113,4600,0.784,Total.coh,0.345834478,A
114,4600,0.784,Total.coh,0.348055977,A
115,4700,0.694,Total.coh,0.362264861,A
116,4700,0.694,Total.coh,0.430493237,A
117,4700,0.694,Total.coh,0.361858485,A
118,4700,0.694,Total.coh,0.23477019,A
119,4700,0.694,Total.coh,0.359715052,A
120,4700,0.694,Total.coh,0.288187584,A
121,4700,0.694,Total.coh,0.341902532,A
122,4700,0.694,Total.coh,0.346904581,A
123,4700,0.694,Total.coh,0.346294033,A
124,4700,0.694,Total.coh,0.353219921,A
125,4700,0.694,Total.coh,0.327827639,A
126,4700,0.694,Total.coh,0.347189634,A
127,4700,0.694,Total.coh,0.366537838,A
128,4800,0.586,Total.coh,0.350149034,B
129,4800,0.586,Total.coh,0.255105021,B
130,4800,0.586,Total.coh,0.106905414,B
131,4800,0.586,Total.coh,0.326547883,B
132,4800,0.586,Total.coh,0.367555248,B
133,4800,0.586,Total.coh,0.257463814,B
134,4800,0.586,Total.coh,0.300813661,B
135,4800,0.586,Total.coh,0.279540547,B
136,4800,0.586,Total.coh,0.335409011,B
137,4800,0.586,Total.coh,0.304745982,B
138,4800,0.586,Total.coh,0.344445787,B
139,4800,0.586,Total.coh,0.036750081,B
140,4800,0.586,Total.coh,0.392268583,B
141,4800,0.586,Total.coh,0.370236657,B
142,4900,0.452,Total.coh,0.352310133,B
143,4900,0.452,Total.coh,0.384137419,B
144,4900,0.452,Total.coh,0.24262383,B
145,4900,0.452,Total.coh,0.218091259,B
146,4900,0.452,Total.coh,0.356656739,B
147,4900,0.452,Total.coh,0.342225952,B
148,4900,0.452,Total.coh,0.322799586,B
149,4900,0.452,Total.coh,0.484157803,B
150,4900,0.452,Total.coh,0.364711799,B
151,4900,0.452,Total.coh,0.297565291,B
152,4900,0.452,Total.coh,0.384822477,B
153,4900,0.452,Total.coh,0.335510316,B
154,5000,0.308,Total.coh,0.411286987,B
155,5000,0.308,Total.coh,0.37574351,B
156,5000,0.308,Total.coh,0.306388463,B
157,5000,0.308,Total.coh,0.36299113,B
158,5000,0.308,Total.coh,0.347793234,B
159,5000,0.308,Total.coh,0.345522689,B
160,5000,0.308,Total.coh,0.424831448,B
161,5000,0.308,Total.coh,0.347988315,B
162,5000,0.308,Total.coh,0.350941104,B
163,5000,0.308,Total.coh,0.350212772,B
164,5100,0.159,Total.coh,0.332244527,B
165,5100,0.159,Total.coh,0.331537185,B
166,5100,0.159,Total.coh,0.352674199,B
167,5100,0.159,Total.coh,0.332179835,B
168,5100,0.159,Total.coh,0.358390325,B
169,5100,0.159,Total.coh,0.326498656,B
170,5100,0.159,Total.coh,0.339956571,B
171,5100,0.159,Total.coh,0.363051769,B
172,5100,0.159,Total.coh,0.350531839,B
173,5100,0.159,Total.coh,0.362710277,B
174,5100,0.159,Total.coh,0.370725673,B
175,5100,0.159,Total.coh,0.170594228,B
176,5100,0.159,Total.coh,0.321511365,B
177,5200,0.012,Total.coh,0.381129883,B
178,5200,0.012,Total.coh,0.081942678,B
179,5200,0.012,Total.coh,0.021558932,B
180,5200,0.012,Total.coh,0.220153579,B
181,5200,0.012,Total.coh,0.222332897,B
182,5200,0.012,Total.coh,0.208784703,B
183,5200,0.012,Total.coh,0.445760183,B
184,5200,0.012,Total.coh,0.160309371,B
185,5200,0.012,Total.coh,0.279557532,B
186,5200,0.012,Total.coh,0.144804338,B
187,5200,0.012,Total.coh,0.11352612,B
188,5200,0.012,Total.coh,0.323879565,B
189,4400,0.936,Neg.coh,0.188945752,C
190,4400,0.936,Neg.coh,0.16344155,C
191,4400,0.936,Neg.coh,0.149799533,C
192,4400,0.936,Neg.coh,0.181956613,C
193,4400,0.936,Neg.coh,0.194601753,C
194,4400,0.936,Neg.coh,0.184945752,C
195,4400,0.936,Neg.coh,0.189248053,C
196,4400,0.936,Neg.coh,0.18964708,C
197,4400,0.936,Neg.coh,0.205180998,C
198,4400,0.936,Neg.coh,0.161660958,C
199,4400,0.936,Neg.coh,0.144373808,C
200,4400,0.936,Neg.coh,0.130282785,C
201,4400,0.936,Neg.coh,0.118545918,C
202,4400,0.936,Neg.coh,0.077961394,C
203,4500,0.865,Neg.coh,0.221384585,C
204,4500,0.865,Neg.coh,0.148734598,C
205,4500,0.865,Neg.coh,0.228322382,C
206,4500,0.865,Neg.coh,0.2347271,C
207,4500,0.865,Neg.coh,0.233684495,C
208,4500,0.865,Neg.coh,0.231735695,C
209,4500,0.865,Neg.coh,0.232446116,C
210,4500,0.865,Neg.coh,0.223643028,C
211,4500,0.865,Neg.coh,0.231125908,C
212,4500,0.865,Neg.coh,0.182594316,C
213,4500,0.865,Neg.coh,0.232135084,C
214,4500,0.865,Neg.coh,0.2275559,C
215,4500,0.865,Neg.coh,0.237084727,C
216,4500,0.865,Neg.coh,0.201285712,C
217,4600,0.784,Neg.coh,0.221536376,C
218,4600,0.784,Neg.coh,0.228790642,C
219,4600,0.784,Neg.coh,0.226095345,C
220,4600,0.784,Neg.coh,0.24568955,C
221,4600,0.784,Neg.coh,0.24413276,C
222,4600,0.784,Neg.coh,0.226011578,C
223,4600,0.784,Neg.coh,0.231212981,C
224,4600,0.784,Neg.coh,0.232728224,C
225,4600,0.784,Neg.coh,0.23149029,C
226,4600,0.784,Neg.coh,0.234151796,C
227,4600,0.784,Neg.coh,0.222416157,C
228,4600,0.784,Neg.coh,0.198701385,C
229,4600,0.784,Neg.coh,0.235116791,C
230,4600,0.784,Neg.coh,0.209657553,C
231,4800,0.586,Neg.coh,0.201393941,D
232,4800,0.586,Neg.coh,0.153618007,D
233,4800,0.586,Neg.coh,0.208386806,D
234,4800,0.586,Neg.coh,0.163042973,D
235,4800,0.586,Neg.coh,0.186497264,D
236,4800,0.586,Neg.coh,0.194005854,D
237,4800,0.586,Neg.coh,0.197699665,D
238,4800,0.586,Neg.coh,0.199166396,D
239,4800,0.586,Neg.coh,0.224167435,D
240,4800,0.586,Neg.coh,0.207290895,D
241,4800,0.586,Neg.coh,0.211392474,D
242,4800,0.586,Neg.coh,0.190152666,D
243,4900,0.452,Neg.coh,0.201398624,D
244,4900,0.452,Neg.coh,0.211314751,D
245,4900,0.452,Neg.coh,0.205749059,D
246,4900,0.452,Neg.coh,0.212010954,D
247,4900,0.452,Neg.coh,0.224331588,D
248,4900,0.452,Neg.coh,0.214837582,D
249,4900,0.452,Neg.coh,0.213906664,D
250,4900,0.452,Neg.coh,0.159056058,D
251,4900,0.452,Neg.coh,0.219042571,D
252,4900,0.452,Neg.coh,0.200824439,D
253,4900,0.452,Neg.coh,0.208817484,D
254,4900,0.452,Neg.coh,0.211962167,D
255,5000,0.308,Neg.coh,0.206991203,D
256,5000,0.308,Neg.coh,0.228199785,D
257,5000,0.308,Neg.coh,0.231019164,D
258,5000,0.308,Neg.coh,0.223409077,D
259,5000,0.308,Neg.coh,0.217150558,D
260,5000,0.308,Neg.coh,0.202203561,D
261,5000,0.308,Neg.coh,0.202296019,D
262,5000,0.308,Neg.coh,0.209607074,D
263,5000,0.308,Neg.coh,0.176516262,D
264,5000,0.308,Neg.coh,0.211315936,D
265,5000,0.308,Neg.coh,0.23694584,D
266,5000,0.308,Neg.coh,0.191388048,D
267,4300,0.982,Neg.coh,0.05598519,C
268,4300,0.982,Neg.coh,0.027232187,C
269,4300,0.982,Neg.coh,0.001409908,C
270,4300,0.982,Neg.coh,0.061890502,C
271,4400,0.936,Neg.coh,0.185076364,C
272,4400,0.936,Neg.coh,0.174967969,C
273,4400,0.936,Neg.coh,0.181289308,C
274,4400,0.936,Neg.coh,0.111292563,C
275,4500,0.865,Neg.coh,0.204332424,C
276,4500,0.865,Neg.coh,0.198850279,C
277,4500,0.865,Neg.coh,0.205696757,C
278,4500,0.865,Neg.coh,0.021678379,C
279,4500,0.865,Neg.coh,0.180478923,C
280,4500,0.865,Neg.coh,0.17033083,C
281,4500,0.865,Neg.coh,0.138229227,C
282,4500,0.865,Neg.coh,0.214437708,C
283,4500,0.865,Neg.coh,0.154994037,C
284,4500,0.865,Neg.coh,0.234852665,C
285,4500,0.865,Neg.coh,0.112753951,C
286,4500,0.865,Neg.coh,0.220502482,C
287,4500,0.865,Neg.coh,0.165370233,C
288,4500,0.865,Neg.coh,0.18445158,C
289,4600,0.784,Neg.coh,0.186859197,C
290,4600,0.784,Neg.coh,0.212503279,C
291,4600,0.784,Neg.coh,0.186772828,C
292,4600,0.784,Neg.coh,0.188875423,C
293,4600,0.784,Neg.coh,0.198322211,C
294,4600,0.784,Neg.coh,0.203949498,C
295,4600,0.784,Neg.coh,0.200811922,C
296,4600,0.784,Neg.coh,0.188395156,C
297,4600,0.784,Neg.coh,0.151001228,C
298,4600,0.784,Neg.coh,0.214555691,C
299,4600,0.784,Neg.coh,0.177890959,C
300,4600,0.784,Neg.coh,0.172547715,C
301,4600,0.784,Neg.coh,0.186717857,C
302,4600,0.784,Neg.coh,0.191127735,C
303,4700,0.694,Neg.coh,0.193737373,C
304,4700,0.694,Neg.coh,0.21971035,C
305,4700,0.694,Neg.coh,0.20494093,C
306,4700,0.694,Neg.coh,0.155261835,C
307,4700,0.694,Neg.coh,0.199378945,C
308,4700,0.694,Neg.coh,0.174821794,C
309,4700,0.694,Neg.coh,0.194588802,C
310,4700,0.694,Neg.coh,0.191276258,C
311,4700,0.694,Neg.coh,0.191480665,C
312,4700,0.694,Neg.coh,0.198864929,C
313,4700,0.694,Neg.coh,0.19418735,C
314,4700,0.694,Neg.coh,0.20133413,C
315,4700,0.694,Neg.coh,0.198926578,C
316,4800,0.586,Neg.coh,0.185448882,D
317,4800,0.586,Neg.coh,0.150664712,D
318,4800,0.586,Neg.coh,0.062221344,D
319,4800,0.586,Neg.coh,0.17680562,D
320,4800,0.586,Neg.coh,0.173724366,D
321,4800,0.586,Neg.coh,0.158974786,D
322,4800,0.586,Neg.coh,0.196498248,D
323,4800,0.586,Neg.coh,0.163099634,D
324,4800,0.586,Neg.coh,0.175421071,D
325,4800,0.586,Neg.coh,0.181718885,D
326,4800,0.586,Neg.coh,0.183777661,D
327,4800,0.586,Neg.coh,0.018261072,D
328,4800,0.586,Neg.coh,0.188583299,D
329,4800,0.586,Neg.coh,0.192062342,D
330,4900,0.452,Neg.coh,0.180609616,D
331,4900,0.452,Neg.coh,0.183525388,D
332,4900,0.452,Neg.coh,0.159262686,D
333,4900,0.452,Neg.coh,0.136394885,D
334,4900,0.452,Neg.coh,0.190342102,D
335,4900,0.452,Neg.coh,0.179064346,D
336,4900,0.452,Neg.coh,0.176136196,D
337,4900,0.452,Neg.coh,0.235067571,D
338,4900,0.452,Neg.coh,0.196103549,D
339,4900,0.452,Neg.coh,0.157711137,D
340,4900,0.452,Neg.coh,0.191721053,D
341,4900,0.452,Neg.coh,0.176326073,D
342,5000,0.308,Neg.coh,0.20526142,D
343,5000,0.308,Neg.coh,0.191482063,D
344,5000,0.308,Neg.coh,0.153079971,D
345,5000,0.308,Neg.coh,0.188489536,D
346,5000,0.308,Neg.coh,0.174489066,D
347,5000,0.308,Neg.coh,0.168586056,D
348,5000,0.308,Neg.coh,0.213330314,D
349,5000,0.308,Neg.coh,0.176090212,D
350,5000,0.308,Neg.coh,0.184919535,D
351,5000,0.308,Neg.coh,0.182988841,D
352,5100,0.159,Neg.coh,0.177486955,D
353,5100,0.159,Neg.coh,0.179296664,D
354,5100,0.159,Neg.coh,0.184394863,D
355,5100,0.159,Neg.coh,0.17689029,D
356,5100,0.159,Neg.coh,0.18514036,D
357,5100,0.159,Neg.coh,0.174317395,D
358,5100,0.159,Neg.coh,0.18007977,D
359,5100,0.159,Neg.coh,0.184697079,D
360,5100,0.159,Neg.coh,0.185606541,D
361,5100,0.159,Neg.coh,0.189053581,D
362,5100,0.159,Neg.coh,0.189401158,D
363,5100,0.159,Neg.coh,0.111822818,D
364,5100,0.159,Neg.coh,0.169969952,D
365,5200,0.012,Neg.coh,0.192886609,D
366,5200,0.012,Neg.coh,0.046468645,D
367,5200,0.012,Neg.coh,0.008881848,D
368,5200,0.012,Neg.coh,0.126527113,D
369,5200,0.012,Neg.coh,0.120956549,D
370,5200,0.012,Neg.coh,0.113810099,D
371,5200,0.012,Neg.coh,0.210549981,D
372,5200,0.012,Neg.coh,0.09631862,D
373,5200,0.012,Neg.coh,0.153472527,D
374,5200,0.012,Neg.coh,0.09333125,D
375,5200,0.012,Neg.coh,0.074600988,D
376,5200,0.012,Neg.coh,0.15571592,D
377,4400,0.936,Pos.coh,0.151686084,E
378,4400,0.936,Pos.coh,0.111825262,E
379,4400,0.936,Pos.coh,0.064297964,E
380,4400,0.936,Pos.coh,0.11098498,E
381,4400,0.936,Pos.coh,0.127717151,E
382,4400,0.936,Pos.coh,0.125636412,E
383,4400,0.936,Pos.coh,0.119180588,E
384,4400,0.936,Pos.coh,0.09444194,E
385,4400,0.936,Pos.coh,0.145362559,E
386,4400,0.936,Pos.coh,0.074372687,E
387,4400,0.936,Pos.coh,0.061477372,E
388,4400,0.936,Pos.coh,0.021873566,E
389,4400,0.936,Pos.coh,0.018993888,E
390,4400,0.936,Pos.coh,0.06886585,E
391,4500,0.865,Pos.coh,0.210751592,E
392,4500,0.865,Pos.coh,0.046369796,E
393,4500,0.865,Pos.coh,0.22690984,E
394,4500,0.865,Pos.coh,0.241102525,E
395,4500,0.865,Pos.coh,0.228778552,E
396,4500,0.865,Pos.coh,0.236183661,E
397,4500,0.865,Pos.coh,0.21265007,E
398,4500,0.865,Pos.coh,0.196831631,E
399,4500,0.865,Pos.coh,0.192292416,E
400,4500,0.865,Pos.coh,0.104385105,E
401,4500,0.865,Pos.coh,0.188073296,E
402,4500,0.865,Pos.coh,0.163287206,E
403,4500,0.865,Pos.coh,0.187082765,E
404,4500,0.865,Pos.coh,0.121038539,E
405,4600,0.784,Pos.coh,0.16905986,E
406,4600,0.784,Pos.coh,0.215433065,E
407,4600,0.784,Pos.coh,0.190603738,E
408,4600,0.784,Pos.coh,0.228319086,E
409,4600,0.784,Pos.coh,0.223756922,E
410,4600,0.784,Pos.coh,0.227420683,E
411,4600,0.784,Pos.coh,0.20657659,E
412,4600,0.784,Pos.coh,0.242073229,E
413,4600,0.784,Pos.coh,0.204286019,E
414,4600,0.784,Pos.coh,0.231295019,E
415,4600,0.784,Pos.coh,0.165082142,E
416,4600,0.784,Pos.coh,0.144778759,E
417,4600,0.784,Pos.coh,0.241631632,E
418,4600,0.784,Pos.coh,0.210516252,E
419,4800,0.586,Pos.coh,0.201679494,F
420,4800,0.586,Pos.coh,0.155819962,F
421,4800,0.586,Pos.coh,0.223779771,F
422,4800,0.586,Pos.coh,0.185448654,F
423,4800,0.586,Pos.coh,0.203790102,F
424,4800,0.586,Pos.coh,0.207610819,F
425,4800,0.586,Pos.coh,0.191609406,F
426,4800,0.586,Pos.coh,0.170862948,F
427,4800,0.586,Pos.coh,0.237167007,F
428,4800,0.586,Pos.coh,0.207007632,F
429,4800,0.586,Pos.coh,0.227739371,F
430,4800,0.586,Pos.coh,0.200547898,F
431,4900,0.452,Pos.coh,0.211356857,F
432,4900,0.452,Pos.coh,0.225709562,F
433,4900,0.452,Pos.coh,0.215425403,F
434,4900,0.452,Pos.coh,0.226007412,F
435,4900,0.452,Pos.coh,0.231433618,F
436,4900,0.452,Pos.coh,0.204185853,F
437,4900,0.452,Pos.coh,0.236396692,F
438,4900,0.452,Pos.coh,0.160419292,F
439,4900,0.452,Pos.coh,0.218581772,F
440,4900,0.452,Pos.coh,0.217770021,F
441,4900,0.452,Pos.coh,0.206602161,F
442,4900,0.452,Pos.coh,0.207911646,F
443,5000,0.308,Pos.coh,0.241134919,F
444,5000,0.308,Pos.coh,0.237777422,F
445,5000,0.308,Pos.coh,0.242356838,F
446,5000,0.308,Pos.coh,0.228683037,F
447,5000,0.308,Pos.coh,0.223623101,F
448,5000,0.308,Pos.coh,0.214229679,F
449,5000,0.308,Pos.coh,0.204908523,F
450,5000,0.308,Pos.coh,0.215437269,F
451,5000,0.308,Pos.coh,0.184020119,F
452,5000,0.308,Pos.coh,0.213065468,F
453,5000,0.308,Pos.coh,0.249913041,F
454,5000,0.308,Pos.coh,0.207139097,F
455,4300,0.982,Pos.coh,0.012956614,E
456,4300,0.982,Pos.coh,0.013578675,E
457,4300,0.982,Pos.coh,0.001391719,E
458,4300,0.982,Pos.coh,0.013771407,E
459,4400,0.936,Pos.coh,0.114216422,E
460,4400,0.936,Pos.coh,0.107380755,E
461,4400,0.936,Pos.coh,0.117882964,E
462,4400,0.936,Pos.coh,0.032766527,E
463,4500,0.865,Pos.coh,0.129342695,E
464,4500,0.865,Pos.coh,0.156164139,E
465,4500,0.865,Pos.coh,0.175837181,E
466,4500,0.865,Pos.coh,0.021778553,E
467,4500,0.865,Pos.coh,0.137712968,E
468,4500,0.865,Pos.coh,0.107249356,E
469,4500,0.865,Pos.coh,0.03010145,E
470,4500,0.865,Pos.coh,0.186443401,E
471,4500,0.865,Pos.coh,0.133294799,E
472,4500,0.865,Pos.coh,0.228816395,E
473,4500,0.865,Pos.coh,0.066183284,E
474,4500,0.865,Pos.coh,0.19987646,E
475,4500,0.865,Pos.coh,0.067374823,E
476,4500,0.865,Pos.coh,0.151258511,E
477,4600,0.784,Pos.coh,0.113342995,E
478,4600,0.784,Pos.coh,0.140748517,E
479,4600,0.784,Pos.coh,0.131587128,E
480,4600,0.784,Pos.coh,0.121201484,E
481,4600,0.784,Pos.coh,0.140394411,E
482,4600,0.784,Pos.coh,0.114450319,E
483,4600,0.784,Pos.coh,0.109874943,E
484,4600,0.784,Pos.coh,0.12049228,E
485,4600,0.784,Pos.coh,0.123630471,E
486,4600,0.784,Pos.coh,0.144097311,E
487,4600,0.784,Pos.coh,0.083327967,E
488,4600,0.784,Pos.coh,0.101952221,E
489,4600,0.784,Pos.coh,0.159116621,E
490,4600,0.784,Pos.coh,0.156928242,E
491,4700,0.694,Pos.coh,0.168527488,E
492,4700,0.694,Pos.coh,0.210782887,E
493,4700,0.694,Pos.coh,0.156917555,E
494,4700,0.694,Pos.coh,0.079508355,E
495,4700,0.694,Pos.coh,0.160336107,E
496,4700,0.694,Pos.coh,0.11336579,E
497,4700,0.694,Pos.coh,0.14731373,E
498,4700,0.694,Pos.coh,0.155628323,E
499,4700,0.694,Pos.coh,0.154813368,E
500,4700,0.694,Pos.coh,0.154354992,E
501,4700,0.694,Pos.coh,0.133640289,E
502,4700,0.694,Pos.coh,0.145855504,E
503,4700,0.694,Pos.coh,0.16761126,E
504,4800,0.586,Pos.coh,0.164700152,F
505,4800,0.586,Pos.coh,0.104440309,F
506,4800,0.586,Pos.coh,0.04468407,F
507,4800,0.586,Pos.coh,0.149742263,F
508,4800,0.586,Pos.coh,0.193830882,F
509,4800,0.586,Pos.coh,0.098489028,F
510,4800,0.586,Pos.coh,0.104315413,F
511,4800,0.586,Pos.coh,0.116440913,F
512,4800,0.586,Pos.coh,0.15998794,F
513,4800,0.586,Pos.coh,0.123027097,F
514,4800,0.586,Pos.coh,0.160668126,F
515,4800,0.586,Pos.coh,0.018489009,F
516,4800,0.586,Pos.coh,0.203685284,F
517,4800,0.586,Pos.coh,0.178174315,F
518,4900,0.452,Pos.coh,0.171700517,F
519,4900,0.452,Pos.coh,0.200612031,F
520,4900,0.452,Pos.coh,0.083361144,F
521,4900,0.452,Pos.coh,0.081696374,F
522,4900,0.452,Pos.coh,0.166314637,F
523,4900,0.452,Pos.coh,0.163161606,F
524,4900,0.452,Pos.coh,0.14666339,F
525,4900,0.452,Pos.coh,0.249090232,F
526,4900,0.452,Pos.coh,0.16860825,F
527,4900,0.452,Pos.coh,0.139854154,F
528,4900,0.452,Pos.coh,0.193101424,F
529,4900,0.452,Pos.coh,0.159184243,F
530,5000,0.308,Pos.coh,0.206025567,F
531,5000,0.308,Pos.coh,0.184261447,F
532,5000,0.308,Pos.coh,0.153308492,F
533,5000,0.308,Pos.coh,0.174501594,F
534,5000,0.308,Pos.coh,0.173304168,F
535,5000,0.308,Pos.coh,0.176936633,F
536,5000,0.308,Pos.coh,0.211501134,F
537,5000,0.308,Pos.coh,0.171898103,F
538,5000,0.308,Pos.coh,0.166021569,F
539,5000,0.308,Pos.coh,0.167223931,F
540,5100,0.159,Pos.coh,0.154757572,F
541,5100,0.159,Pos.coh,0.152240521,F
542,5100,0.159,Pos.coh,0.168279336,F
543,5100,0.159,Pos.coh,0.155289545,F
544,5100,0.159,Pos.coh,0.173249965,F
545,5100,0.159,Pos.coh,0.152181261,F
546,5100,0.159,Pos.coh,0.159876801,F
547,5100,0.159,Pos.coh,0.17835469,F
548,5100,0.159,Pos.coh,0.164925298,F
549,5100,0.159,Pos.coh,0.173656696,F
550,5100,0.159,Pos.coh,0.181324515,F
551,5100,0.159,Pos.coh,0.05877141,F
552,5100,0.159,Pos.coh,0.151541413,F
553,5200,0.012,Pos.coh,0.188243274,F
554,5200,0.012,Pos.coh,0.035474033,F
555,5200,0.012,Pos.coh,0.012677084,F
556,5200,0.012,Pos.coh,0.093626466,F
557,5200,0.012,Pos.coh,0.101376348,F
558,5200,0.012,Pos.coh,0.094974604,F
559,5200,0.012,Pos.coh,0.235210202,F
560,5200,0.012,Pos.coh,0.063990751,F
561,5200,0.012,Pos.coh,0.126085005,F
562,5200,0.012,Pos.coh,0.051473088,F
563,5200,0.012,Pos.coh,0.038925132,F
564,5200,0.012,Pos.coh,0.168163645,F
565,4400,0.936,Neg.Pos,1.245636693,G
566,4400,0.936,Neg.Pos,1.461579853,G
567,4400,0.936,Neg.Pos,2.329771017,G
568,4400,0.936,Neg.Pos,1.639470611,G
569,4400,0.936,Neg.Pos,1.523693188,G
570,4400,0.936,Neg.Pos,1.472071265,G
571,4400,0.936,Neg.Pos,1.587910046,G
572,4400,0.936,Neg.Pos,2.008081155,G
573,4400,0.936,Neg.Pos,1.411512011,G
574,4400,0.936,Neg.Pos,2.173660312,G
575,4400,0.936,Neg.Pos,2.348405654,G
576,4400,0.936,Neg.Pos,5.95617491,G
577,4400,0.936,Neg.Pos,6.241266559,G
578,4400,0.936,Neg.Pos,1.132076261,G
579,4500,0.865,Neg.Pos,1.050452729,G
580,4500,0.865,Neg.Pos,3.207574991,G
581,4500,0.865,Neg.Pos,1.006225124,G
582,4500,0.865,Neg.Pos,0.973557204,G
583,4500,0.865,Neg.Pos,1.021444069,G
584,4500,0.865,Neg.Pos,0.981167342,G
585,4500,0.865,Neg.Pos,1.093092121,G
586,4500,0.865,Neg.Pos,1.13621488,G
587,4500,0.865,Neg.Pos,1.201950201,G
588,4500,0.865,Neg.Pos,1.749237269,G
589,4500,0.865,Neg.Pos,1.234279874,G
590,4500,0.865,Neg.Pos,1.393592955,G
591,4500,0.865,Neg.Pos,1.267271878,G
592,4500,0.865,Neg.Pos,1.662988612,G
593,4600,0.784,Neg.Pos,1.310401984,G
594,4600,0.784,Neg.Pos,1.062003374,G
595,4600,0.784,Neg.Pos,1.186206248,G
596,4600,0.784,Neg.Pos,1.076079772,G
597,4600,0.784,Neg.Pos,1.091062381,G
598,4600,0.784,Neg.Pos,0.993803972,G
599,4600,0.784,Neg.Pos,1.119260324,G
600,4600,0.784,Neg.Pos,0.961395958,G
601,4600,0.784,Neg.Pos,1.133167562,G
602,4600,0.784,Neg.Pos,1.012351226,G
603,4600,0.784,Neg.Pos,1.347305979,G
604,4600,0.784,Neg.Pos,1.372448461,G
605,4600,0.784,Neg.Pos,0.973038129,G
606,4600,0.784,Neg.Pos,0.995920985,G
607,4800,0.586,Neg.Pos,0.998584125,H
608,4800,0.586,Neg.Pos,0.985868595,H
609,4800,0.586,Neg.Pos,0.931213778,H
610,4800,0.586,Neg.Pos,0.879181215,H
611,4800,0.586,Neg.Pos,0.915143877,H
612,4800,0.586,Neg.Pos,0.934468902,H
613,4800,0.586,Neg.Pos,1.03178476,H
614,4800,0.586,Neg.Pos,1.165650004,H
615,4800,0.586,Neg.Pos,0.94518811,H
616,4800,0.586,Neg.Pos,1.00136837,H
617,4800,0.586,Neg.Pos,0.928221032,H
618,4800,0.586,Neg.Pos,0.948165839,H
619,4900,0.452,Neg.Pos,0.952884268,H
620,4900,0.452,Neg.Pos,0.936224186,H
621,4900,0.452,Neg.Pos,0.955082623,H
622,4900,0.452,Neg.Pos,0.938070801,H
623,4900,0.452,Neg.Pos,0.969312885,H
624,4900,0.452,Neg.Pos,1.052166832,H
625,4900,0.452,Neg.Pos,0.904863186,H
626,4900,0.452,Neg.Pos,0.991502057,H
627,4900,0.452,Neg.Pos,1.002108131,H
628,4900,0.452,Neg.Pos,0.922185883,H
629,4900,0.452,Neg.Pos,1.010722652,H
630,4900,0.452,Neg.Pos,1.019481934,H
631,5000,0.308,Neg.Pos,0.858404099,H
632,5000,0.308,Neg.Pos,0.959720158,H
633,5000,0.308,Neg.Pos,0.953219088,H
634,5000,0.308,Neg.Pos,0.976937686,H
635,5000,0.308,Neg.Pos,0.971056018,H
636,5000,0.308,Neg.Pos,0.943863436,H
637,5000,0.308,Neg.Pos,0.987250389,H
638,5000,0.308,Neg.Pos,0.972937853,H
639,5000,0.308,Neg.Pos,0.959222627,H
640,5000,0.308,Neg.Pos,0.991788759,H
641,5000,0.308,Neg.Pos,0.948113148,H
642,5000,0.308,Neg.Pos,0.923959073,H
643,4300,0.982,Neg.Pos,4.320973829,G
644,4300,0.982,Neg.Pos,2.005511362,G
645,4300,0.982,Neg.Pos,1.013069449,G
646,4300,0.982,Neg.Pos,4.494130629,G
647,4400,0.936,Neg.Pos,1.620400646,G
648,4400,0.936,Neg.Pos,1.629416454,G
649,4400,0.936,Neg.Pos,1.53787538,G
650,4400,0.936,Neg.Pos,3.396532168,G
651,4500,0.865,Neg.Pos,1.579775526,G
652,4500,0.865,Neg.Pos,1.2733415,G
653,4500,0.865,Neg.Pos,1.169813778,G
654,4500,0.865,Neg.Pos,0.995400337,G
655,4500,0.865,Neg.Pos,1.310544138,G
656,4500,0.865,Neg.Pos,1.588175784,G
657,4500,0.865,Neg.Pos,4.592111908,G
658,4500,0.865,Neg.Pos,1.15014909,G
659,4500,0.865,Neg.Pos,1.162791333,G
660,4500,0.865,Neg.Pos,1.026380409,G
661,4500,0.865,Neg.Pos,1.703662076,G
662,4500,0.865,Neg.Pos,1.103193853,G
663,4500,0.865,Neg.Pos,2.454481149,G
664,4500,0.865,Neg.Pos,1.219445959,G
665,4600,0.784,Neg.Pos,1.648617076,G
666,4600,0.784,Neg.Pos,1.509808299,G
667,4600,0.784,Neg.Pos,1.419385246,G
668,4600,0.784,Neg.Pos,1.558358997,G
669,4600,0.784,Neg.Pos,1.412607593,G
670,4600,0.784,Neg.Pos,1.781991521,G
671,4600,0.784,Neg.Pos,1.827640739,G
672,4600,0.784,Neg.Pos,1.563545449,G
673,4600,0.784,Neg.Pos,1.221391675,G
674,4600,0.784,Neg.Pos,1.488963878,G
675,4600,0.784,Neg.Pos,2.134828982,G
676,4600,0.784,Neg.Pos,1.692437039,G
677,4600,0.784,Neg.Pos,1.173465448,G
678,4600,0.784,Neg.Pos,1.217930772,G
679,4700,0.694,Neg.Pos,1.149589158,G
680,4700,0.694,Neg.Pos,1.042353832,G
681,4700,0.694,Neg.Pos,1.306042081,G
682,4700,0.694,Neg.Pos,1.952773831,G
683,4700,0.694,Neg.Pos,1.243506212,G
684,4700,0.694,Neg.Pos,1.54210361,G
685,4700,0.694,Neg.Pos,1.320914228,G
686,4700,0.694,Neg.Pos,1.229058145,G
687,4700,0.694,Neg.Pos,1.23684839,G
688,4700,0.694,Neg.Pos,1.288360852,G
689,4700,0.694,Neg.Pos,1.453059938,G
690,4700,0.694,Neg.Pos,1.380367038,G
691,4700,0.694,Neg.Pos,1.186833021,G
692,4800,0.586,Neg.Pos,1.125978815,H
693,4800,0.586,Neg.Pos,1.442591596,H
694,4800,0.586,Neg.Pos,1.392472619,H
695,4800,0.586,Neg.Pos,1.180732924,H
696,4800,0.586,Neg.Pos,0.896267737,H
697,4800,0.586,Neg.Pos,1.614137018,H
698,4800,0.586,Neg.Pos,1.883693333,H
699,4800,0.586,Neg.Pos,1.400707275,H
700,4800,0.586,Neg.Pos,1.09646434,H
701,4800,0.586,Neg.Pos,1.477063911,H
702,4800,0.586,Neg.Pos,1.143833974,H
703,4800,0.586,Neg.Pos,0.987671757,H
704,4800,0.586,Neg.Pos,0.925856278,H
705,4800,0.586,Neg.Pos,1.077946291,H
706,4900,0.452,Neg.Pos,1.051887433,H
707,4900,0.452,Neg.Pos,0.914827426,H
708,4900,0.452,Neg.Pos,1.91051464,H
709,4900,0.452,Neg.Pos,1.669534134,H
710,4900,0.452,Neg.Pos,1.144469936,H
711,4900,0.452,Neg.Pos,1.097466189,H
712,4900,0.452,Neg.Pos,1.20095544,H
713,4900,0.452,Neg.Pos,0.943704493,H
714,4900,0.452,Neg.Pos,1.163072086,H
715,4900,0.452,Neg.Pos,1.127682893,H
716,4900,0.452,Neg.Pos,0.992851575,H
717,4900,0.452,Neg.Pos,1.10768547,H
718,5000,0.308,Neg.Pos,0.996291009,H
719,5000,0.308,Neg.Pos,1.039186797,H
720,5000,0.308,Neg.Pos,0.998509404,H
721,5000,0.308,Neg.Pos,1.080159394,H
722,5000,0.308,Neg.Pos,1.0068371,H
723,5000,0.308,Neg.Pos,0.952804703,H
724,5000,0.308,Neg.Pos,1.008648559,H
725,5000,0.308,Neg.Pos,1.024387174,H
726,5000,0.308,Neg.Pos,1.113828379,H
727,5000,0.308,Neg.Pos,1.094274246,H
728,5100,0.159,Neg.Pos,1.146870894,H
729,5100,0.159,Neg.Pos,1.177719722,H
730,5100,0.159,Neg.Pos,1.095766524,H
731,5100,0.159,Neg.Pos,1.139099802,H
732,5100,0.159,Neg.Pos,1.068631442,H
733,5100,0.159,Neg.Pos,1.145459,H
734,5100,0.159,Neg.Pos,1.126365857,H
735,5100,0.159,Neg.Pos,1.03556054,H
736,5100,0.159,Neg.Pos,1.125397639,H
737,5100,0.159,Neg.Pos,1.088662778,H
738,5100,0.159,Neg.Pos,1.044542477,H
739,5100,0.159,Neg.Pos,1.902673732,H
740,5100,0.159,Neg.Pos,1.12160728,H
741,5200,0.012,Neg.Pos,1.024666671,H
742,5200,0.012,Neg.Pos,1.309934086,H
743,5200,0.012,Neg.Pos,0.70062232,H
744,5200,0.012,Neg.Pos,1.351403277,H
745,5200,0.012,Neg.Pos,1.193143681,H
746,5200,0.012,Neg.Pos,1.198321385,H
747,5200,0.012,Neg.Pos,0.895156669,H
748,5200,0.012,Neg.Pos,1.505195962,H
749,5200,0.012,Neg.Pos,1.217214743,H
750,5200,0.012,Neg.Pos,1.813204795,H
751,5200,0.012,Neg.Pos,1.916524984,H
752,5200,0.012,Neg.Pos,0.925978501,H
